{"cameraMode":{"drawMode":0,"name":"Shaded","section":"Shading Mode"},"sceneLighting":false,"audioPlay":false,"sceneViewState":{"showFog":true,"showMaterialUpdate":false,"showSkybox":false,"showFlares":true,"showImageEffects":true,"showParticleSystems":true},"in2DMode":false,"pivot":{"x":-0.13999998569488526,"y":1.286626935005188,"z":-0.559999942779541},"rotation":{"x":0.08314524590969086,"y":-0.6910939812660217,"z":0.1541358083486557,"w":0.7012386918067932},"size":1.215314269065857,"orthographic":false}