{"cameraMode":{"drawMode":0,"name":"Shaded","section":"Shading Mode"},"sceneLighting":false,"audioPlay":false,"sceneViewState":{"showFog":true,"showMaterialUpdate":false,"showSkybox":false,"showFlares":true,"showImageEffects":true,"showParticleSystems":true},"in2DMode":false,"pivot":{"x":702.4749145507813,"y":-128.44451904296876,"z":-156.66864013671876},"rotation":{"x":-0.1278260499238968,"y":0.8533477783203125,"z":-0.24751803278923036,"w":-0.4406868815422058},"size":310.3627014160156,"orthographic":false}