{"cameraMode":{"drawMode":0,"name":"Shaded","section":"Shading Mode"},"sceneLighting":false,"audioPlay":false,"sceneViewState":{"showFog":true,"showMaterialUpdate":false,"showSkybox":false,"showFlares":true,"showImageEffects":true,"showParticleSystems":true},"in2DMode":false,"pivot":{"x":-1.167027473449707,"y":-3.38472318649292,"z":0.048268795013427737},"rotation":{"x":-0.07114317268133164,"y":-0.889441192150116,"z":0.45062872767448428,"w":-0.028094414621591569},"size":0.8660253882408142,"orthographic":false}