{"cameraMode":{"drawMode":0,"name":"Shaded","section":"Shading Mode"},"sceneLighting":false,"audioPlay":false,"sceneViewState":{"showFog":true,"showMaterialUpdate":false,"showSkybox":false,"showFlares":true,"showImageEffects":true,"showParticleSystems":true},"in2DMode":false,"pivot":{"x":0.6209999918937683,"y":1.5019999742507935,"z":1.6380000114440919},"rotation":{"x":-0.13939142227172852,"y":0.30984264612197878,"z":-0.04597578942775726,"w":-0.9393907785415649},"size":0.39516595005989077,"orthographic":false}