{"cameraMode":{"drawMode":0,"name":"Shaded","section":"Shading Mode"},"sceneLighting":false,"audioPlay":false,"sceneViewState":{"showFog":true,"showMaterialUpdate":false,"showSkybox":false,"showFlares":true,"showImageEffects":true,"showParticleSystems":true},"in2DMode":false,"pivot":{"x":-3.3244032859802248,"y":9.053629875183106,"z":26.603649139404298},"rotation":{"x":0.19473230838775636,"y":-0.7382124662399292,"z":0.3646078109741211,"w":0.533090353012085},"size":3.581583261489868,"orthographic":false}