{"cameraMode":{"drawMode":0,"name":"Shaded","section":"Shading Mode"},"sceneLighting":false,"audioPlay":false,"sceneViewState":{"showFog":true,"showMaterialUpdate":false,"showSkybox":false,"showFlares":true,"showImageEffects":true,"showParticleSystems":true},"in2DMode":false,"pivot":{"x":-6.060756683349609,"y":10.258646011352539,"z":28.587574005126954},"rotation":{"x":0.09447773545980454,"y":-0.8050863742828369,"z":0.2364579737186432,"w":0.5357277989387512},"size":3.281583309173584,"orthographic":false}